Notebook reference,Polymer name,monomer A,mol fraction A,monomer B,fraction B,monomer C,fraction C,monomer D,fraction D,monomer E,fraction E,monomer F,fraction F,Distribution,Architecture,Target DP,MIC (E. coli),MIC (S. aureus),MIC (K. pneumoniae),MIC (E. faecium),HC50
SW1.84.1,L-Ni31Mo10,C=CC(=O)NCC[N+](C)(C)C.[Cl-],0.45,C=CC(=O)NC(C)C,0.43,C=CC(=O)N1CCOCC1,0.12,,,,,,,statistical,linear,70,>512,>512,,,>2000
SW1.84.2,L-Ni31Mep10,C=CC(=O)NCC[N+](C)(C)C.[Cl-],0.45,C=CC(=O)NC(C)C,0.43,C=CC(=O)NCCCOC,0.11,,,,,,,statistical,linear,70,>512,>512,,,>2000
SW1.84.3,L-Phe31Mo10,C=CC(=O)NCC[N+](C)(C)C.[Cl-],0.50,C=CC(=O)Nc1ccccc1,0.37,C=CC(=O)N1CCOCC1,0.13,,,,,,,statistical,linear,70,256,>512,,,>2000
SW1.89.1,L-Phe31Mep10,C=CC(=O)NCC[N+](C)(C)C.[Cl-],0.51,C=CC(=O)Nc1ccccc1,0.37,C=CC(=O)NCCCOC,0.13,,,,,,,statistical,linear,70,256,>512,,,>2000
SW1.89.2,L-Do31Mo10,C=CC(=O)NCC[N+](C)(C)C.[Cl-],0.59,C=CC(=O)NCCCCCCCCCCCC,0.26,C=CC(=O)N1CCOCC1,0.15,,,,,,,statistical,linear,70,128,32-64,256,512,>2000
SW1.89.3,L-Do31Mep10,C=CC(=O)NCC[N+](C)(C)C.[Cl-],0.59,C=CC(=O)NCCCCCCCCCCCC,0.26,C=CC(=O)NCCCOC,0.15,,,,,,,statistical,linear,70,128,32,512,512,>2000
SW1.110.1,L-Ni13Mo4,C=CC(=O)NCC[N+](C)(C)C.[Cl-],0.73,C=CC(=O)NC(C)C,0.21,C=CC(=O)N1CCOCC1,0.06,,,,,,,statistical,linear,70,>512,32,,,>2000
SW1.110.2,L-Ni13Mep4,C=CC(=O)NCC[N+](C)(C)C.[Cl-],0.73,C=CC(=O)NC(C)C,0.21,C=CC(=O)NCCCOC,0.06,,,,,,,statistical,linear,70,>512,64-128,,,>2000
SW1.110.3,L-Phe13Mo4,C=CC(=O)NCC[N+](C)(C)C.[Cl-],0.77,C=CC(=O)Nc1ccccc1,0.17,C=CC(=O)N1CCOCC1,0.06,,,,,,,statistical,linear,70,>512,32,,,>2000
SW1.115.1,L-Phe13Mep4,C=CC(=O)NCC[N+](C)(C)C.[Cl-],0.77,C=CC(=O)Nc1ccccc1,0.17,C=CC(=O)NCCCOC,0.06,,,,,,,statistical,linear,70,>512,32,,,>2000
SW1.115.2,L-Do13Mo4,C=CC(=O)NCC[N+](C)(C)C.[Cl-],0.83,C=CC(=O)NCCCCCCCCCCCC,0.11,C=CC(=O)N1CCOCC1,0.06,,,,,,,statistical,linear,70,256-512,32,,,<50
SW1.115.3,L-Do13Mep4,C=CC(=O)NCC[N+](C)(C)C.[Cl-],0.83,C=CC(=O)NCCCCCCCCCCCC,0.11,C=CC(=O)NCCCOC,0.06,,,,,,,statistical,linear,70,256,32,256,256,>2000
SW1.119.1,H-Ni31Mo10,C=CC(=O)NCC[N+](C)(C)C.[Cl-],0.45,C=CC(=O)NC(C)C,0.43,C=CC(=O)N1CCOCC1,0.12,,,,,,,statistical,linear,115,>512,128,,,>8000
SW1.119.2,H-Ni31Mep10,C=CC(=O)NCC[N+](C)(C)C.[Cl-],0.45,C=CC(=O)NC(C)C,0.43,C=CC(=O)NCCCOC,0.11,,,,,,,statistical,linear,115,>512,>512,,,>8000
SW1.119.3,H-Phe31Mo10,C=CC(=O)NCC[N+](C)(C)C.[Cl-],0.50,C=CC(=O)Nc1ccccc1,0.37,C=CC(=O)N1CCOCC1,0.13,,,,,,,statistical,linear,115,256-512,128-256,64,>512,>8000
SW1.125.1,H-Phe31Mep10,C=CC(=O)NCC[N+](C)(C)C.[Cl-],0.51,C=CC(=O)Nc1ccccc1,0.37,C=CC(=O)NCCCOC,0.13,,,,,,,statistical,linear,115,256,>512,nd,,>8000
SW1.119.5,H-Do31Mo10,C=CC(=O)NCC[N+](C)(C)C.[Cl-],0.59,C=CC(=O)NCCCCCCCCCCCC,0.26,C=CC(=O)N1CCOCC1,0.15,,,,,,,statistical,linear,115,128,32,128-256,256,>8000
SW1.119.6,H-Do31Mep10,C=CC(=O)NCC[N+](C)(C)C.[Cl-],0.59,C=CC(=O)NCCCCCCCCCCCC,0.26,C=CC(=O)NCCCOC,0.15,,,,,,,statistical,linear,115,128,32,256,>512,6300
SW2.3.1,L-Bam31Mep10,C=CC(=O)NCC[N+](C)(C)C.[Cl-],0.48,C=CC(=O)NCCCC,0.40,C=CC(=O)NCCCOC,0.12,,,,,,,statistical,linear,70,>512,>512,,,>8000
SW2.3.2,L-Bmam31Mep10,C=CC(=O)NCC[N+](C)(C)C.[Cl-],0.52,C=CC(=O)NCOCCCC,0.35,C=CC(=O)NCCCOC,0.13,,,,,,,statistical,linear,70,256,>512,,,6200
SW2.3.3,L-Tmb31Mep10,C=CC(=O)NCC[N+](C)(C)C.[Cl-],0.54,C=CC(=O)NC(C)(C)CC(C)(C)C,0.32,C=CC(=O)NCCCOC,0.14,,,,,,,statistical,linear,70,64,64,,,<62.5
SW2.3.4,L-Oct31Mep10,C=CC(=O)NCC[N+](C)(C)C.[Cl-],0.54,C=CC(=O)NCCCCCCCC,0.32,C=CC(=O)NCCCOC,0.14,,,,,,,statistical,linear,70,256-128,64,256,>512,4700
SW2.3.5,L-Olam31Mep10,C=CC(=O)NCC[N+](C)(C)C.[Cl-],0.63,C=CC(=O)NCCCCCCCC/C=C\CCCCCCCC,0.21,C=CC(=O)NCCCOC,0.16,,,,,,,statistical,linear,70,128,64-32,>512,>512,>8000
SW3.56.1,L-Do30Mep5,C=CC(=O)NCC[N+](C)(C)C.[Cl-],0.66,C=CC(=O)NCCCCCCCCCCCC,0.26,C=CC(=O)NCCCOC,0.07,,,,,,,statistical,linear,70,512,128,,,3400
SW3.56.2,L-Tmb5Mo90,C=CC(=O)NCC[N+](C)(C)C.[Cl-],0.04,C=CC(=O)NC(C)(C)CC(C)(C)C,0.04,C=CC(=O)N1CCOCC1,0.93,,,,,,,statistical,linear,70,>512,>512,,,>4000
SW3.56.3,L-Oct5Mep5,C=CC(=O)NCC[N+](C)(C)C.[Cl-],0.87,C=CC(=O)NCCCCCCCC,0.05,C=CC(=O)NCCCOC,0.07,,,,,,,statistical,linear,70,>512,>512,,,>4000
SW3.56.4,L-Phe15Mo30,C=CC(=O)NCC[N+](C)(C)C.[Cl-],0.46,C=CC(=O)Nc1ccccc1,0.18,C=CC(=O)N1CCOCC1,0.37,,,,,,,statistical,linear,70,>512,16,,,>4000
SW4.14.2,L-Aeg5Phe25Mo50Mep20,C=CC(=O)NCCNC(N)=[NH2+].[Cl-],0.038,C=CC(=O)Nc1ccccc1,0.246,C=CC(=O)N1CCOCC1,0.514,C=CC(=O)NCCCOC,0.203,,,,,statistical,linear,70,>512,>512,,,2200
SW4.29.1,L-Do5Mo40Mep5,C=CC(=O)NCC[N+](C)(C)C.[Cl-],0.416,C=CC(=O)NCCCCCCCCCCCC,0.036,C=CC(=O)N1CCOCC1,0.488,C=CC(=O)NCCCOC,0.060,,,,,statistical,linear,70,>512,>512,,,>4000
SW4.29.2,L-Phe20Olam5Mep5,C=CC(=O)NCC[N+](C)(C)C.[Cl-],0.645,C=CC(=O)Nc1ccccc1,0.259,C=CC(=O)NCCCCCCCC/C=C\CCCCCCCC,0.030,C=CC(=O)NCCCOC,0.067,,,,,statistical,linear,70,128,32,,,>4000
SW5.20.1,L-Do25,C=CC(=O)NCC[N+](C)(C)C.[Cl-],0.777,C=CC(=O)NCCCCCCCCCCCC,0.223,,,,,,,,,statistical,linear,70,64,,,,>4000
SW5.20.2,L-Aeg10Olam30Mo60,C=CC(=O)NCCNC(N)=[NH2+].[Cl-],0.091,C=CC(=O)NCCCCCCCC/C=C\CCCCCCCC,0.164,C=CC(=O)N1CCOCC1,0.745,,,,,,,statistical,linear,70,>512,,,,>4000
SW5.20.3,L-Ni25Phe20,C=CC(=O)NCC[N+](C)(C)C.[Cl-],0.427,C=CC(=O)NC(C)C,0.355,C=CC(=O)Nc1ccccc1,0.218,,,,,,,statistical,linear,70,>512,,,,>4000
SW5.20.4,L-Bam40Oct5,C=CC(=O)NCC[N+](C)(C)C.[Cl-],0.438,C=CC(=O)NCCCC,0.517,C=CC(=O)NCCCCCCCC,0.045,,,,,,,statistical,linear,70,32,,,,<500
SW5.20.5,L-Phe23Oct5Mo55,C=CC(=O)NCC[N+](C)(C)C.[Cl-],0.126,C=CC(=O)Nc1ccccc1,0.239,C=CC(=O)N1CCOCC1,0.038,C=CC(=O)N1CCOCC1,0.597,,,,,statistical,linear,70,>512,,,,>4000
SW5.24.1,L-Aeg10Phe20Olam25,C=CC(=O)NCC[N+](C)(C)C.[Cl-],0.450,C=CC(=O)NCCNC(N)=[NH2+].[Cl-],0.107,C=CC(=O)Nc1ccccc1,0.281,C=CC(=O)NCCCCCCCC/C=C\CCCCCCCC,0.161,,,,,statistical,linear,70,128,,,,1500
SW5.24.2,L-Aeg20Ni35Tmb10,C=CC(=O)NCC[N+](C)(C)C.[Cl-],0.266,C=CC(=O)NCCNC(N)=[NH2+].[Cl-],0.163,C=CC(=O)NC(C)C,0.486,C=CC(=O)NC(C)(C)CC(C)(C)C,0.086,,,,,statistical,linear,70,64,,,,<500
SW5.24.3,L-Phe35Olam10Mo20,C=CC(=O)NCC[N+](C)(C)C.[Cl-],0.292,C=CC(=O)Nc1ccccc1,0.410,C=CC(=O)NCCCCCCCC/C=C\CCCCCCCC,0.054,C=CC(=O)N1CCOCC1,0.244,,,,,statistical,linear,70,128,,,,>4000
SW5.24.4,L-Aeg17Tmb8Mo37,C=CC(=O)NCC[N+](C)(C)C.[Cl-],0.319,C=CC(=O)NCCNC(N)=[NH2+].[Cl-],0.148,C=CC(=O)NC(C)(C)CC(C)(C)C,0.078,C=CC(=O)N1CCOCC1,0.455,,,,,statistical,linear,70,256,,,,<500
SW5.24.5,L-Aeg20Ni20Olam25Mo5,C=CC(=O)NCC[N+](C)(C)C.[Cl-],0.269,C=CC(=O)NCCNC(N)=[NH2+].[Cl-],0.193,C=CC(=O)NC(C)C,0.328,C=CC(=O)NCCCCCCCC/C=C\CCCCCCCC,0.144,C=CC(=O)N1CCOCC1,0.066,,,statistical,linear,70,256,,,,>4000
SW5.41.1,L-Do10,C=CC(=O)NCC[N+](C)(C)C.[Cl-],0.912,C=CC(=O)NCCCCCCCCCCCC,0.088,,,,,,,,,statistical,linear,70,256,,,,>4000
SW5.41.2,L-Phe15Do5,C=CC(=O)NCC[N+](C)(C)C.[Cl-],0.759,C=CC(=O)Nc1ccccc1,0.200,C=CC(=O)NCCCCCCCCCCCC,0.041,,,,,,,statistical,linear,70,256,,,,>4000
SW5.41.3,L-Aeg5Phe5Olam5,C=CC(=O)NCC[N+](C)(C)C.[Cl-],0.845,C=CC(=O)NCCNC(N)=[NH2+].[Cl-],0.053,C=CC(=O)Nc1ccccc1,0.070,C=CC(=O)NCCCCCCCC/C=C\CCCCCCCC,0.032,,,,,statistical,linear,70,128,,,,>4000
SW5.41.4,L-Ni20Do5Mep5,C=CC(=O)NCC[N+](C)(C)C.[Cl-],0.593,C=CC(=O)NC(C)C,0.309,C=CC(=O)NCCCCCCCCCCCC,0.037,C=CC(=O)NCCCOC,0.061,,,,,statistical,linear,70,256,,,,>4000
SW5.41.5,L-Phe20Olam5Mo15,C=CC(=O)NCC[N+](C)(C)C.[Cl-],0.530,C=CC(=O)Nc1ccccc1,0.248,C=CC(=O)NCCCCCCCC/C=C\CCCCCCCC,0.028,C=CC(=O)N1CCOCC1,0.194,,,,,statistical,linear,70,128,,,,>4000
SW5.42.1,L-Phe5Do5Mo50,C=CC(=O)NCC[N+](C)(C)C.[Cl-],0.321,C=CC(=O)Nc1ccccc1,0.056,C=CC(=O)NCCCCCCCCCCCC,0.035,C=CC(=O)N1CCOCC1,0.588,,,,,statistical,linear,70,>512,,,,>4000
SW5.42.2,L-Aeg10Oct15Tmb5,C=CC(=O)NCC[N+](C)(C)C.[Cl-],0.678,C=CC(=O)NCCNC(N)=[NH2+].[Cl-],0.104,C=CC(=O)NCCCCCCCC,0.164,C=CC(=O)NC(C)(C)CC(C)(C)C,0.055,,,,,statistical,linear,70,128-256,,,,<500
SW5.42.3,L-Do5Bam5Mo20Mep5,C=CC(=O)NCC[N+](C)(C)C.[Cl-],0.570,C=CC(=O)NCCCCCCCCCCCC,0.038,C=CC(=O)NCCCC,0.071,C=CC(=O)N1CCOCC1,0.257,C=CC(=O)NCCCOC,0.063,,,statistical,linear,70,256,,,,>4000
SW5.42.4,L-Aeg5Phe15Bam30Mo25,C=CC(=O)NCC[N+](C)(C)C.[Cl-],0.183,C=CC(=O)NCCNC(N)=[NH2+].[Cl-],0.039,C=CC(=O)Nc1ccccc1,0.154,C=CC(=O)NCCCC,0.356,C=CC(=O)N1CCOCC1,0.268,,,statistical,linear,70,512,,,,>4000
SW5.42.5,L-Phe5Olam10Bmam10Mep5,C=CC(=O)NCC[N+](C)(C)C.[Cl-],0.674,C=CC(=O)Nc1ccccc1,0.068,C=CC(=O)NCCCCCCCC/C=C\CCCCCCCC,0.062,C=CC(=O)NCOCCCC,0.127,C=CC(=O)NCCCOC,0.070,,,statistical,linear,70,64,,,,>4000
SW5.65.1,L-Aeg5Ni10Phe5Do30Mep15,C=CC(=O)NCC[N+](C)(C)C.[Cl-],0.309,C=CC(=O)NCCNC(N)=[NH2+].[Cl-],0.047,C=CC(=O)NC(C)C,0.161,C=CC(=O)Nc1ccccc1,0.062,C=CC(=O)NCCCCCCCCCCCC,0.229,C=CC(=O)NCCCOC,0.191,statistical,linear,70,64,,,,3300
SW5.65.5,L-Aeg10Ni15Bam10Olam20Mep20,C=CC(=O)NCC[N+](C)(C)C.[Cl-],0.206,C=CC(=O)NCCNC(N)=[NH2+].[Cl-],0.089,C=CC(=O)NC(C)C,0.226,C=CC(=O)NCCCC,0.134,C=CC(=O)NCCCCCCCC/C=C\CCCCCCCC,0.106,C=CC(=O)NCCCOC,0.238,statistical,linear,70,128,,,,1400
SW5.65.7,L-Do15Bam15Oct10Mo30,C=CC(=O)NCC[N+](C)(C)C.[Cl-],0.245,C=CC(=O)NCCCCCCCCCCCC,0.106,C=CC(=O)NCCCC,0.199,C=CC(=O)NCCCCCCCC,0.092,C=CC(=O)N1CCOCC1,0.358,,,statistical,linear,70,128,,,,>4000
SW5.65.8,L-Aeg10Ni5Do25Tmb10Mep35,C=CC(=O)NCC[N+](C)(C)C.[Cl-],0.122,C=CC(=O)NCCNC(N)=[NH2+].[Cl-],0.088,C=CC(=O)NC(C)C,0.075,C=CC(=O)NCCCCCCCCCCCC,0.211,C=CC(=O)NC(C)(C)CC(C)(C)C,0.092,C=CC(=O)NCCCOC,0.412,statistical,linear,70,>512,,,,<500
SW5.65.9,L-Ni10Do5Mo60,C=CC(=O)NCC[N+](C)(C)C.[Cl-],0.185,C=CC(=O)NC(C)C,0.135,C=CC(=O)NCCCCCCCCCCCC,0.032,C=CC(=O)N1CCOCC1,0.649,,,,,statistical,linear,70,>512,,,,>4000
SW5.65.10,L-Aeg15Ni10Do10Olam10Mep35,C=CC(=O)NCC[N+](C)(C)C.[Cl-],0.167,C=CC(=O)NCCNC(N)=[NH2+].[Cl-],0.134,C=CC(=O)NC(C)C,0.152,C=CC(=O)NCCCCCCCCCCCC,0.072,C=CC(=O)NCCCCCCCC/C=C\CCCCCCCC,0.054,C=CC(=O)NCCCOC,0.421,statistical,linear,70,>512,,,,2500