DBAASP_id,SMILES
1706,O=C1NC(Cc2ccc(O)cc2)C(=O)N2CCCC2C(=O)NC(Cc2ccc(O)cc2)C(=O)N2CCCC12
2408,NCCCCC1NC(=O)C(CCC(N)=O)NC(=O)C(CCCCN)NC(=O)C(Cc2ccccc2)NC1=O
2409,CC(C)CC1NC(=O)C(CCCCN)NC(=O)C(Cc2ccccc2)NC(=O)C(CCC(N)=O)NC(=O)C(CCCCN)NC1=O
2414,NCCCCC1NC(=O)C(CCC(N)=O)NC(=O)C(CCCCN)NC(=O)C(Cc2ccccc2)NC1=O
2415,CC(C)CC1NC(=O)C(CCCCN)NC(=O)C(Cc2ccccc2)NC(=O)C(CCC(N)=O)NC(=O)C(CCCCN)NC1=O
6243,N=C(N)NCCCC1NC(=O)C(CCCNC(=N)N)NC(=O)C(Cc2c[nH]c3ccccc23)NC(=O)C(Cc2ccccc2)NC(=O)C(Cc2c[nH]c3ccccc23)NC1=O
7039,CSCCC1NC(=O)C2CCCN2C1=O
7237,O=C1NC(Cc2ccc(O)cc2)C(=O)N2CCCC2C(=O)NC(Cc2ccc(O)cc2)C(=O)N2CCCC12
8073,CC(C)CC1NC(=O)C2CC(O)CN2C(=O)C(CC(C)C)NC(=O)C2CC(O)CN2C1=O
8107,O=C1NC(Cc2ccccc2)C(=O)N2CC(O)CC2C(=O)NC(Cc2ccc(O)cc2)C(=O)N2CCCC12
10255,CC(C)C1NC(=O)C(Cc2ccccc2)NC(=O)C2CCCN2C(=O)C(Cc2ccc(O)cc2)NC(=O)CNC1=O
10504,CC(C)C1NC(=O)C(NC(=O)CCCCCCNC(=N)N)CCCCNC(=O)C(CC(N)=O)NC(=O)C(C(C)O)NC(=O)C(C(C)C)NC1=O
10674,CCCCCCCCCCCCCCCC(=O)NC1SSC(C(N)=O)NC(=O)C(CCCNC(=N)N)NC(=O)C(CCCN)NC(=O)C(CCCCN)NC(=O)C(CCCCN)NC1=O
11471,N=C(N)NCCCC1CC(=O)NC(Cc2c[nH]c3ccccc23)C(=O)NC(Cc2c[nH]c3ccccc23)C(=O)NC(CCCNC(=N)N)CC(=O)N1
11472,N=C(N)NCCCC1CC(=O)NC(CCCNC(=N)N)C(=O)NC(Cc2c[nH]c3ccccc23)C(=O)NC(Cc2ccccc2)C(=O)NC(Cc2c[nH]c3ccccc23)C(=O)N1
11504,N=C(N)NCCCC1CC(=O)NC(Cc2c[nH]c3ccccc23)C(=O)NC(Cc2c[nH]c3ccccc23)C(=O)NC(CCCNC(=N)N)CC(=O)N1
11505,N=C(N)NCCCC1NC(=O)CC(Cc2c[nH]c3ccccc23)NC(=O)CC(Cc2c[nH]c3ccccc23)NC(=O)C(CCCNC(=N)N)NC1=O
11506,N=C(N)NCCCC1NC(=O)CC(Cc2c[nH]c3ccccc23)NC(=O)CC(Cc2c[nH]c3ccccc23)NC(=O)C(CCCNC(=N)N)NC1=O
11507,N=C(N)NCCCC1CC(=O)NC(CCCNC(=N)N)C(=O)NC(Cc2c[nH]c3ccccc23)C(=O)NC(Cc2ccccc2)C(=O)NC(Cc2c[nH]c3ccccc23)C(=O)N1
11508,N=C(N)NCCCC1CC(=O)NC(CCCNC(=N)N)C(=O)NC(Cc2c[nH]c3ccccc23)C(=O)NC(Cc2ccccc2)C(=O)NC(Cc2c[nH]c3ccccc23)C(=O)N1
11509,N=C(N)NCCCC1NC(=O)CC(Cc2c[nH]c3ccccc23)NC(=O)C(Cc2ccccc2)NC(=O)C(Cc2c[nH]c3ccccc23)NC(=O)C(CCCNC(=N)N)NC1=O
11510,N=C(N)NCCCC1NC(=O)CC(Cc2c[nH]c3ccccc23)NC(=O)C(Cc2ccccc2)NC(=O)C(Cc2c[nH]c3ccccc23)NC(=O)C(CCCNC(=N)N)NC1=O
11511,N=C(N)NCCCC1NC(=O)CC(Cc2c[nH]c3ccccc23)NC(=O)C(Cc2ccccc2)NC(=O)C(Cc2c[nH]c3ccccc23)NC(=O)C(CCCNC(=N)N)NC1=O
11512,N=C(N)NCCCC1NC(=O)CC(Cc2c[nH]c3ccccc23)NC(=O)C(Cc2ccccc2)NC(=O)C(Cc2c[nH]c3ccccc23)NC(=O)C(CCCNC(=N)N)NC1=O
11976,CC(C)CC1NC(=O)C(C)NC(=O)C(Cc2ccccc2)NC(=O)C2CCCN2C(=O)C(Cc2ccc(O)cc2)NC1=O
13436,CC1NC(=O)C2CC(O)CN2C1=O
13439,CC(C)CC1NC(=O)C2CCCN2C(=O)C(CC(C)C)NC(=O)C2CCCN2C1=O
13440,O=C1NC(Cc2ccccc2)C(=O)N2CCCC2C(=O)NC(Cc2ccccc2)C(=O)N2CCCC12
13441,CC(C)CC1NC(=O)C2CCCN2C(=O)C(Cc2ccccc2)NC(=O)C2CCCN2C1=O
13443,CC(C)CC1NC(=O)C(Cc2ccccc2)NC(=O)C(CC(C)C)NC(=O)C(Cc2ccccc2)NC1=O
13444,CCC(C)C1NC(=O)C(CC(C)C)NC(=O)C(C(C)CC)NC(=O)C(CC(C)C)NC1=O
14670,CCCCCCCCCCCCCCCCCCNC1CSSCC(C(=O)NC(CCC(N)=O)C(=O)NC(CCCNC(=N)N)C(=O)ON)NC(=O)CNC1=O
15016,CC(C)CC1NC(=O)C(C(C)C)NC1=O
17087,CC(C)C1NC(=O)C(N)C(C)OC(=O)C(C(C)C)N(C)C(=O)CN(C)C(=O)C2CCCN2C1=O
17089,CC(C)C1NC(=O)C(N)C(C)OC(=O)C(C(C)C)N(C)C(=O)CN(C)C(=O)C2CCC(=O)N2C1=O
17090,CC(C)C1NC(=O)C(N)C(C)OC(=O)C(C(C)C)N(C)C(=O)CN(C)C(=O)C2CC(O)CN2C1=O
17091,Cc1c2oc3c(C)ccc(C(=O)NC4COC(=O)C(C(C)C)N(C)C(=O)CN(C)C(=O)C5CCCN5C(=O)C(C(C)C)NC4=O)c3nc-2c(C(=O)NC2COC(=O)C(C(C)C)N(C)C(=O)CN(C)C(=O)C3C(=O)CCN3C(=O)C(C(C)C)NC2=O)c(N)c1=O
17092,Cc1c2oc3c(C)ccc(C(=O)NC4COC(=O)C(C(C)C)N(C)C(=O)CN(C)C(=O)C5CCCN5C(=O)C(C(C)C)NC4=O)c3nc-2c(C(=O)NC2COC(=O)C(C(C)C)N(C)C(=O)CN(C)C(=O)C3CC(O)CN3C(=O)C(C(C)C)NC2=O)c(N)c1=O
18557,O=C1NC(Cc2ccccc2)C(=O)N2CC(O)CC12
18856,CC1NC(=O)C(Cc2c[nH]c3ccccc23)NC1=O
18857,CC(C)=CCc1[nH]c2ccccc2c1CC1NC(=O)C2CCCN2C1=O
18859,CC(C)=CCc1[nH]c2ccccc2c1CC1NC(=O)CNC1=O
18860,CC(C)=CCc1[nH]c2ccccc2c1CC1NC(=O)C(CC(C)C)NC1=O
18862,O=C1NC(Cc2c[nH]c3ccccc23)C(=O)NC1Cc1ccc(O)cc1
18864,CC(C)=CCc1[nH]c2ccccc2c1CC1NC(=O)C2CCCN2C1=O
18865,O=C1NC(Cc2c[nH]c3ccccc23)C(=O)N2CCCC12
18866,CC(C)=CCc1[nH]c2ccccc2c1CC1NC(=O)C(C)NC1=O
18868,CC(C)=CCc1[nH]c2ccccc2c1CC1NC(=O)C(C)NC1=O
18870,CC1NC(=O)C(Cc2c[nH]c3ccccc23)NC1=O
18872,CC(C)=CCc1[nH]c2ccccc2c1CC1NC(=O)C(Cc2c[nH]cn2)NC1=O
18879,N=C(N)NCCCC1NC(=O)C2CCCN2C1=O
18886,CC(C)CC1NC(=O)C(CCCNC(=N)N)NC1=O
18888,N=C(N)NCCCC1NC(=O)C(Cc2c[nH]c3ccccc23)NC1=O
18891,O=C1NC(Cc2ccccc2)C(=O)N2CC(O)CC12
18895,CC(C)CC1NC(=O)C2CC(O)CN2C1=O
18897,CC(C)CC1NC(=O)C2CC(O)CN2C(=O)C(Cc2ccccc2)NC(=O)C2CC(O)CN2C1=O
18898,CCC(C)C1NC(=O)C2CC(O)CN2C1=O
18899,CCN1C(=O)C(Cc2ccccc2)NC(=O)C1CCC(=O)O
18929,CCC(C)C1NC(=O)CNC1=O
18931,O=C1NC(Cc2ccccc2)C(=O)NC1CS
18933,O=C1NC(Cc2cccc(O)c2)C(=O)NC1CS
18936,O=C1NC(Cc2cnc[nH]2)C(=O)NC1Cc1ccc(O)cc1
18954,CC(C)=CCc1cccc2c(CC3NC(=O)CNC3=O)c[nH]c12
18955,CC(C)=CCc1cccc2c(CC3NC(=O)C(C)NC3=O)c[nH]c12
18956,CC(C)=CCc1cccc2c(CC3NC(=O)C(CC(C)C)NC3=O)c[nH]c12
18957,CC(C)=CCc1cccc2c(CC3NC(=O)C(Cc4ccccc4)NC3=O)c[nH]c12
18959,CC(C)=CCc1cccc2c(CC3NC(=O)C(Cc4ccc(O)cc4)NC3=O)c[nH]c12
18960,CC(C)=CCc1cccc2c(CC3NC(=O)C(Cc4c[nH]c5ccccc45)NC3=O)c[nH]c12
18961,O=C1NC(Cc2c[nH]c3ccccc23)C(=O)NC1CO
18963,O=C1NC(Cc2c[nH]c3ccccc23)C(=O)NC1CO
18964,O=C1NC(Cc2c[nH]c3ccccc23)C(=O)NC1CO
18965,CC(O)C1NC(=O)C(Cc2c[nH]c3ccccc23)NC1=O
18966,O=C(O)CCC1NC(=O)C(Cc2c[nH]c3ccccc23)NC1=O
18967,NCCCCC1NC(=O)C(Cc2c[nH]c3ccccc23)NC1=O
18968,CC(C)=CCc1cccc2c(CC3NC(=O)C4CCCN4C3=O)c[nH]c12
18972,O=C(NCCCC1NC(=O)C(Cc2ccccc2)NC1=O)Oc1ccccc1
18973,CC(C)C1NC(=O)C(CCCNC(=O)Oc2ccccc2)NC1=O
18974,CC(C)C1NC(=O)C(CCCNC(=O)Oc2ccccc2)NC1=O
18975,CC(C)C1NC(=O)C(CCCCNC(=O)Oc2ccccc2)NC1=O
18976,CN1CC(=O)NC(Cc2ccccc2)C1=O
18982,O=C1NC(Cc2c[nH]c3ccccc23)C(=O)N2CCCC2C(=O)NC1Cc1ccccc1
18999,CC(C)CC1NC(=O)C(C)NC(=O)C(C(C)C)NC(=O)C(Cc2ccccc2)N(C)C(=O)C2CCCN2C1=O
19000,CC(C)CC1NC(=O)C(C)NC(=O)C(C(C)C)NC(=O)C(Cc2ccccc2)N(C)C(=O)C2CCCCN2C1=O
19074,CC1NC(=O)C2CCCN2C1=O
19080,O=C1C2CC(O)CN2C(=O)C2CCCN12
19081,O=C(O)CCC1NC(=O)C2CCCN2C1=O
19082,O=C(O)CCC1NC(=O)C2CCCN2C1=O
19083,CC(O)C1NC(=O)C2CCCN2C1=O
19084,O=C(O)CC1NC(=O)C2CCCN2C1=O
19085,O=C1NCC(=O)N2CCCC12
19087,CC(C)CC1NC(=O)C2CCCN2C1=O
19088,CC(C)C1NC(=O)C2CCCN2C1=O
19090,CC(C)CC1NC(=O)C(Cc2c[nH]cn2)NC1=O
19145,NCCCC1NC(=O)C2CCCN2C1=O
19163,O=C(/C=C/C=C/c1ccc2c(c1)OCO2)NCCCCC1NC(=O)C2CCCN2C1=O
19164,O=C(/C=C/C=C/c1ccc2c(c1)OCO2)NCCCC1NC(=O)C2CCCN2C1=O
19165,CCC(/C=C/C(=O)NCCCCC1NC(=O)C2CCCN2C1=O)=C\c1ccc2c(c1)OCO2
19166,CCC(/C=C/C(=O)NCCCC1NC(=O)C2CCCN2C1=O)=C\c1ccc2c(c1)OCO2
19235,COc1ccc(CC2NC(=O)C(Cc3ccc(O)cc3)NC2=O)cc1
19236,COc1ccc(CC2NC(=O)C(Cc3ccc(OC)cc3)NC2=O)cc1
19237,O=C1NC(CC2=CCC(F)C=C2)C(=O)NC1CC1=CCC(F)C=C1
19238,O=C1NC(CC2=CCC(I)C=C2)C(=O)NC1CC1=CCCC=C1
19239,O=C1NC(Cc2ccc(O)c(I)c2)C(=O)NC1Cc1ccc(O)c(I)c1
19240,O=C1NC(Cc2cc(I)c(O)c(I)c2)C(=O)NC1Cc1ccc(O)cc1
19241,O=C1NC(Cc2ccc(O)c(I)c2)C(=O)NC1Cc1ccc(O)cc1
19242,O=C1NC(Cc2ccc(O)c(F)c2)C(=O)NC1Cc1ccc(O)cc1
19893,CCCCCC/C=C/CCCC(=O)NC1C(=O)NC(CO)C(=O)NC(CO)C(=O)NC(C(C)CC)C(=O)NC(C(C)CC)C(=O)OC1C
20025,CC(C)C1NC(=O)C(Cc2ccccc2)NC(=O)C(CC(=O)O)NC(=O)CNC(=O)C(CCCNC(=N)N)NC1=O
20026,CC(C)C1NC(=O)C(Cc2ccccc2)NC(=O)C(CC(=O)O)NC(=O)CNC(=O)C(CCCNC(=N)N)NC1=O
20028,CC(C)C1NC(=O)C(Cc2ccccc2)NC(=O)C(CC(=O)O)NC(=O)CNC(=O)C(CCCNC(=N)N)NC1=O
20047,CC(C)CC1NC(=O)C(CC(C)C)N(C)C(=O)C(CC(C)C)NC(=O)C(CC(C)C)N(C)C(=O)C(Cc2ccccc2)NC1=O
20048,CC(C)CC1NC(=O)C(CC(C)C)N(C)C(=O)C(CC(C)C)NC(=O)C(CC(C)C)N(C)C(=O)C(Cc2ccccc2)NC1=O
20049,CC(C)CC1NC(=O)C(CC(C)C)N(C)C(=O)C(CC(C)C)NC(=O)C(CC(C)C)N(C)C(=O)C(Cc2ccccc2)NC1=O
20050,CC(C)CC1NC(=O)C(CC(C)C)N(C)C(=O)C(CC(C)C)NC(=O)C(CC(C)C)N(C)C(=O)C(Cc2ccccc2)NC1=O
20051,CC(C)CC1NC(=O)C(CC(C)C)N(C)C(=O)C(CC(C)C)NC(=O)C(CC(C)C)N(C)C(=O)C(Cc2ccccc2)NC1=O
20052,CC(C)CC1NC(=O)C(CC(C)C)N(C)C(=O)C(CC(C)C)NC(=O)C(CC(C)C)N(C)C(=O)C(Cc2ccccc2)NC1=O
20118,CCC(C)C1NC(=O)C2CCCN2C(=O)C(CC(C)C)NC(=O)C(C(C)C)NC(=O)C(CC(C)C)NC1=O
20469,CC(C)CC1NC(=O)C2CCCN2C(=O)C(CC(C)C)NC(=O)C(CC(C)C)N(C)C(=O)C(CC(C)C)NC1=O
20470,CC(C)CC1NC(=O)C2CCCN2C(=O)C(CC(C)C)NC(=O)C2CCCN2C(=O)C(CC(C)C)NC1=O
20471,CC(C)CC1NC(=O)C2CCCN2C(=O)C(CC(C)C)NC(=O)C2CCCN2C(=O)C(CC(C)C)NC1=O
20472,CC(C)CC1NC(=O)C2CCCN2C(=O)C(CC(C)C)NC(=O)C2CCCN2C(=O)C(CC(C)C)NC1=O
20473,CC(C)CC1NC(=O)C2CCCN2C(=O)C(CC(C)C)NC(=O)C2CCCN2C(=O)C(CC(C)C)NC1=O
20474,CC(C)CC1NC(=O)C2CCCN2C(=O)C(CC(C)C)NC(=O)C2CCCN2C(=O)C(CC(C)C)NC1=O
20475,CC(C)CC1NC(=O)C2CCCN2C(=O)C(CC(C)C)NC(=O)C2CCCN2C(=O)C(CC(C)C)NC1=O
20476,CC(C)CC1NC(=O)C2CCCN2C(=O)C(CC(C)C)NC(=O)C2CCCN2C(=O)C(CC(C)C)NC1=O
20478,NC(CCOc1ccc(/C(CONC2CN(C(C(=O)O)c3ccc(O)cc3)C2=O)=N/O)cc1)C(=O)O
20557,N=C(N)NCCCC1NC(=O)C(CCCNC(=N)N)NC(=O)C(Cc2c[nH]c3ccccc23)NC(=O)C(Cc2c[nH]c3ccccc23)NC(=O)C(Cc2c[nH]c3ccccc23)NC1=O
20633,CC(C)C1NC(=O)C(N)C(CCl)OC(=O)C(C)N(C)C(=O)CN(C)C(=O)C2CC(=O)C(C)N2C1=O
20634,CC(C)C1NC(=O)C(N)C(C)OC(=O)C(C(C)C)N(C)C(=O)CN(C)C(=O)C2C(O)CC(C)N2C1=O
20636,CC(C)C1NC(=O)C(N)C(CO)OC(=O)C(C)N(C)C(=O)CN(C)C(=O)C2CC(=O)C(C)N2C1=O
20637,CC(C)C1NC(=O)C(N)C(C)OC(=O)C(C(C)C)N(C)C(=O)CN(C)C(=O)C2CCC(C)N2C1=O
20651,CC1NC(=O)C(Cc2ccccc2)NC(=O)C2CCCN2C(=O)C(Cc2ccc(O)cc2)NC(=O)CNC1=O
20653,CC1NC(=O)CNC(=O)C(Cc2ccccc2)NC(=O)C2CCCN2C(=O)C(Cc2ccc(O)cc2)NC1=O
20655,O=C1CNC(=O)C(Cc2ccccc2)NC(=O)C2CCCN2C(=O)C(CO)NC(=O)C(Cc2ccccc2)N1
20657,CCC(C)C1NC(=O)C2CCCN2C(=O)C(Cc2ccc(O)cc2)NC(=O)C(C(C)C)NC(=O)C(C)NC1=O
20659,CC1NC(=O)C(Cc2ccccc2)NC(=O)C(C(C)C)NC(=O)C(Cc2ccc(O)cc2)NC(=O)C2CCCN2C1=O
20661,CC(C)C1NC(=O)C2CCCN2C(=O)C(Cc2ccc(O)cc2)NC(=O)C(Cc2ccccc2)NC(=O)CNC1=O
20663,CC(C)C1NC(=O)C(Cc2ccccc2)NC(=O)C2CCCN2C(=O)C(Cc2ccc(O)cc2)NC(=O)C(Cc2ccccc2)NC1=O
20665,CC1NC(=O)C(Cc2ccccc2)NC(=O)C2CCCN2C(=O)C(Cc2ccc(O)cc2)NC(=O)C(Cc2ccccc2)NC1=O
20667,CC1NC(=O)C(Cc2ccccc2)NC(=O)C2CCCN2C(=O)C(C(C)C)NC(=O)C(C(C)O)NC1=O
20669,CCC(C)C1NC(=O)C(Cc2ccccc2)NC(=O)C2CCCN2C(=O)C(Cc2ccc(O)cc2)NC(=O)C(Cc2ccccc2)NC1=O
20671,CC(C)CC1NC(=O)C(Cc2ccccc2)NC(=O)C2CCCN2C(=O)C(C(C)O)NC(=O)C(C(C)C)NC1=O
20672,CC(C)CC1NC(=O)C(Cc2ccccc2)NC(=O)C(Cc2ccccc2)NC(=O)C(Cc2ccc(O)cc2)NC(=O)C2CCCN2C1=O
20674,O=C1NC(Cc2ccc(OCc3ccccc3)cc2)C(=O)NC1Cc1ccccc1
20675,O=C1NC(Cc2ccc(OCc3ccccc3)cc2)C(=O)NC1Cc1ccccc1
20676,O=C1NC(Cc2ccc(OCc3ccccc3)cc2)C(=O)NC1Cc1ccccc1
20677,O=C1NC(Cc2ccc(OCc3ccccc3)cc2)C(=O)NC1Cc1ccc(OCc2ccccc2)cc1
20678,O=C1NC(Cc2ccc(OCc3ccccc3)cc2)C(=O)NC1Cc1ccc(OCc2ccccc2)cc1
20679,CC(C)C1NC(=O)C(Cc2ccccc2)NC(=O)CNC(=O)C(Cc2ccc(O)cc2)NC(=O)C2CCCN2C1=O
20681,CC(C)C1NC(=O)C(Cc2ccccc2)NC(=O)C2CCCN2C(=O)C(C(C)O)NC(=O)C(Cc2ccccc2)NC1=O
20683,CC1NC(=O)C(Cc2ccccc2)NC(=O)C2CCCN2C(=O)C(CO)NC(=O)C(Cc2ccccc2)NC1=O
20685,CC1NC(=O)C2CCCN2C(=O)C(CO)NC(=O)C(Cc2ccccc2)NC(=O)CNC1=O
20703,CC(O)C1NC(=O)C(CC2CNC(=N)N2)NC(=O)C(Cc2ccccc2)NC(=O)C(Cc2ccccc2)NC(=O)CNC1=O
20720,CC(C)C1NC(=O)C(Cc2ccccc2)NC(=O)C(Cc2ccccc2)NC(=O)C(C(C)O)NC(=O)C(CCCNC(=N)N)NC1=O
20851,CC(C)CC1NC(=O)C2CCCN2C(=O)C(Cc2ccc(O)cc2)NC(=O)C2CC(O)CN2C1=O
21047,CC(C)CC1C(=O)N2CCCC2C(=O)N(C)C(Cc2ccccc2)C(=O)N2CCCC2C(=O)N1C
21048,O=C1NC(Cc2ccc(O)cc2)C(=O)N2CCCC2C(=O)N2CCCC2C(=O)NC1Cc1ccc(O)cc1
21134,CCC(C)C1NC(=O)C(CC(C)C)NC(=O)C(CC(C)C)NC(=O)C(CC(C)C)NC1=O
21135,CC(C)CC1NC(=O)C(CC(C)C)NC(=O)C(C(C)C)NC(=O)C(CC(C)C)NC1=O
21136,CC(C)CC1NC(=O)C(CC(C)C)NC(=O)C(CC(C)C)NC(=O)C(CC(C)C)NC1=O
21150,CCC(C)C1NC(=O)C(C(C)C)NC(=O)C(CC(C)C)NC(=O)C2CSSCC(NC1=O)C(=O)N2
21153,COc1ccc(CC2NC(=O)C3CCCN3C(=O)C(C(C)C)NC(=O)C(Cc3ccc(O)cc3)N(C)C(=O)C(Cc3ccc(OC)cc3)NC2=O)cc1
21286,CCC(C)C1NC(=O)C(C(C)C)NC(=O)C(Cc2ccc(OC)cc2)NC(=O)C(C)N(C)C1=O
21287,CCC(C)C1NC(=O)C(C(C)O)NC(=O)C(Cc2ccc(OC)cc2)NC(=O)C(C)N(C)C1=O
21320,CSCCC1NC(=O)CNC(=O)C(CC(C)C)NC(=O)C(C(C)C)NC(=O)C2CCCN2C1=O
21321,CC(C)CC1NC(=O)C(C(C)C)NC(=O)C2CCCN2C(=O)C(CCCCN)NC(=O)C(CO)NC1=O
21322,CC(C)CC1NC(=O)C(C(C)C)NC(=O)C2CCCN2C(=O)C(CS)NC(=O)C(Cc2c[nH]cn2)NC1=O
21323,CC(C)CC1NC(=O)C(C(C)C)NC(=O)C2CCCN2C(=O)C(CCCNC(=N)N)NC(=O)C(C(C)O)NC1=O
21416,CCCCCCCCCCCC1CC(=O)NC(CC(C)C)C(=O)NC(CC(C)C)C(=O)NC(CC(C)C)C(=O)NC(CCC(=O)O)C(=O)O1
21675,CC(C)CC1OC(=O)CCNC(=O)C(C(C)O)N(C)C(=O)C(C(C)C)N(C)C(=O)C(Cc2ccccc2)NC(=O)C2CCCN2C1=O
21676,CC(C)CC1OC(=O)CCNC(=O)C(C(C)C)N(C)C(=O)C(C(C)C)N(C)C(=O)C(Cc2ccc(O)cc2)NC(=O)C2CCCN2C1=O
21677,CC(C)CC1OC(=O)CCNC(=O)C(C(C)C)N(C)C(=O)C(C)N(C)C(=O)C(Cc2ccccc2)NC(=O)C2CCCN2C1=O
21678,CCC(C)C1C(=O)N(C)C(C(C)C)C(=O)NCCC(=O)OC(CC(C)C)C(=O)N2CCCC2C(=O)NC(Cc2ccccc2)C(=O)N1C
21685,CC(C)CC1NC(=O)C2CCCN2C(=O)C(Cc2ccc(O)cc2)NC(=O)C(Cc2ccccc2)N(C)C(=O)C(C)NC1=O
21686,CC1NC(=O)C(C(C)C)NC(=O)C2CCCN2C(=O)C(Cc2ccc(O)cc2)NC(=O)C(Cc2ccccc2)N(C)C1=O
21751,CCCCCCCCC(C)C1OC(=O)C(CO)NC(=O)C(C(=O)c2c[nH]c3ccccc23)NC(=O)C(CCC(=O)OC)NC(=O)C1C
21768,CC(C)C1C(=O)N(C)C(C)C(=O)NCCCC(NC(=O)/C=C/C=C/C(=O)O)C(=O)N1C
21769,COC(=O)/C=C/C=C/C(=O)NC1CCCNC(=O)C(C)N(C)C(=O)C(C(C)C)N(C)C1=O
21770,COC(C)C(/C=C/C=C/C(=O)N(C)C1CCCN(C)C(=O)C(C)N(C)C(=O)C(C(C)C)N(C)C1=O)OC
